Notifictn type,Notification,Order,Description,Functional Loc.,Description.1,Equipment,Created On,Notif.date,Malfunct. start,Start Malfn (T),Malfunct.end,Malfunction end,Breakdown dur.,System status,Plant section,Coding code txt,Reported by,Completn date,Completion time,Malfunction Start,Malfunction End,Completion Timestamp
N2,3400023896,2700049244.0,PDM SCREEN REPLACEMENT,JSWPL-VJN-COL,Process Building-Colorant Plant,VJ-COL-PDM-102,2025-05-22,2025-05-22,2025-06-30,15:37:13,,00:00:00,0.0,NOCO ORAS,PRP,,,2025-06-30,15:37:15,2025-06-30 15:37:13,,2025-06-30 15:37:15
N5,3400024201,,LOAD CELL OF PH04,JSWPL-VJN-RMH-RMG-ATX,Atex System & Medium component handling,VJ-WT-PH-04,2025-06-01,2025-06-01,2025-06-01,03:04:25,,00:00:00,0.0,OSNO,PRP,,IP1020230213,,00:00:00,2025-06-01 03:04:25,,
N1,3400024220,,Alum Agitator abnormal Sound issue,JSWPL-VJN-UTL-ETP,ETP,VJ-AG-C7-105,2025-06-01,2025-06-01,2025-06-01,11:55:26,,00:00:00,0.0,NOCO,PRP,,IRSHAD S,2025-06-27,16:06:28,2025-06-01 11:55:26,,2025-06-27 16:06:28
N1,3400024273,2700050120.0,Crane-03 fork guide shoe damage issue,JSWPL-VJN-FGH-ASR,ASRS,VJ-SRM-3,2025-06-02,2025-06-02,2025-06-02,13:22:21,,00:00:00,0.0,NOCO ORAS,PRP,,,2025-06-18,15:49:48,2025-06-02 13:22:21,,2025-06-18 15:49:48
N1,3400024274,2700050140.0,scrapper is damaged,JSWPL-VJN-PKG,Packing Section,VJ-BFM-101,2025-06-02,2025-06-02,2025-06-02,14:56:56,,00:00:00,0.0,NOCO ORAS,PRP,,,2025-06-27,21:19:09,2025-06-02 14:56:56,,2025-06-27 21:19:09
N1,3400024290,2700050080.0,Level sensors for Bulk line,JSWPL-VJN-PKG,Packing Section,VJ-BFM-102,2025-06-02,2025-06-02,2025-06-02,10:08:28,,00:00:00,0.0,NOCO ORAS,PRP,,,2025-06-27,21:20:47,2025-06-02 10:08:28,,2025-06-27 21:20:47
N1,3400024291,2700050081.0,Hopper LT for RFm 105,JSWPL-VJN-PKG,Packing Section,VJ-RFM-105,2025-06-02,2025-06-02,2025-06-02,10:11:23,,00:00:00,0.0,NOCO ORAS,PRP,,,2025-06-27,21:35:35,2025-06-02 10:11:23,,2025-06-27 21:35:35
N5,3400024330,,LOAD CELL OF WH-08,JSWPL-VJN-RMH-RMG-ATX,Atex System & Medium component handling,VJ-WT-WH-08,2025-06-03,2025-06-03,2025-06-03,03:04:34,,00:00:00,0.0,OSNO,PRP,,IP1020230213,,00:00:00,2025-06-03 03:04:34,,
N3,3400024331,,BOST-PM-09 WHEEL DAMAGED,JSWPL-VJN,JSW Paints - Vijayanagar,,2025-06-04,2025-06-04,2025-06-04,13:50:40,2025-06-04,14:18:44,0.47,NOCO,PRP,,JYOTHI,2025-06-05,16:14:19,2025-06-04 13:50:40,2025-06-04 14:18:44,2025-06-05 16:14:19
N3,3400024332,,BOST-PM-08 HEEL DAMAGED,JSWPL-VJN,JSW Paints - Vijayanagar,,2025-06-04,2025-06-04,2025-06-04,13:51:40,2025-06-05,14:18:44,24.45,NOCO,PRP,,,2025-06-05,16:13:46,2025-06-04 13:51:40,2025-06-05 14:18:44,2025-06-05 16:13:46
N1,3400024340,2700050220.0,Cylinder seal got damaged,JSWPL-VJN-PKG,Packing Section,VJ-BFM-102,2025-06-03,2025-06-03,2025-06-03,08:34:55,,00:00:00,0.0,NOCO ORAS,PRP,,JAGADISH,2025-06-27,21:35:29,2025-06-03 08:34:55,,2025-06-27 21:35:29
N1,3400024341,2700050221.0,denester guide bearing damaged,JSWPL-VJN-PKG,Packing Section,VJ-BFM-102,2025-06-03,2025-06-03,2025-06-03,10:24:45,,00:00:00,0.0,NOCO ORAS,PRP,,,2025-06-27,21:35:23,2025-06-03 10:24:45,,2025-06-27 21:35:23
N1,3400024342,2700050222.0,power collector worn-out,JSWPL-VJN-FGH-ASR,ASRS,VJ-SRM-1,2025-06-03,2025-06-03,2025-06-03,11:10:06,2025-06-03,15:00:00,0.0,NOCO ORAS,PRP,,,2025-06-28,13:58:37,2025-06-03 11:10:06,2025-06-03 15:00:00,2025-06-28 13:58:37
N1,3400024343,2700050223.0,Sensor cable replacement work,JSWPL-VJN-FGH-ASR,ASRS,VJ-SRM-1,2025-06-03,2025-06-03,2025-06-03,16:18:26,,00:00:00,0.0,NOCO ORAS,PRP,,VARUN V,2025-06-18,16:00:03,2025-06-03 16:18:26,,2025-06-18 16:00:03
N1,3400024344,2700050224.0,need to fix the dual stroke cylinder,JSWPL-VJN-PKG,Packing Section,VJ-BFM-101,2025-06-04,2025-06-04,2025-06-04,12:51:43,,00:00:00,0.0,NOCO ORAS,PRP,,,2025-06-27,21:35:18,2025-06-04 12:51:43,,2025-06-27 21:35:18
N1,3400024345,2700050225.0,Road end damaged replacement for loadcel,JSWPL-VJN-FGH-ASR,ASRS,VJ-CV-ZONE1,2025-06-04,2025-06-04,2025-06-04,15:09:25,,00:00:00,0.0,NOCO ORAS,PRP,,VARUN V,2025-06-18,16:02:10,2025-06-04 15:09:25,,2025-06-18 16:02:10
N3,3400024351,,Silo-18 & 21 level switch error,JSWPL-VJN-RMH-SIL,Silo section,VJ-S-18,2025-06-03,2025-06-03,2025-06-03,10:19:37,,00:00:00,0.0,NOCO,RSI,,CHAND BASHA,2025-06-03,10:25:05,2025-06-03 10:19:37,,2025-06-03 10:25:05
N5,3400024363,,LOAD CELL OF T-3110,JSWPL-VJN-PRC,Processing Block,VJ-WT-T-3110,2025-06-04,2025-06-04,2025-06-04,03:04:06,,00:00:00,0.0,OSNO,PRP,,IP1020230213,,00:00:00,2025-06-04 03:04:06,,
N5,3400024364,,LOAD CELL OF T-3120,JSWPL-VJN-PRC,Processing Block,VJ-WT-T-3120,2025-06-04,2025-06-04,2025-06-04,03:04:06,,00:00:00,0.0,OSNO,PRP,,IP1020230213,,00:00:00,2025-06-04 03:04:06,,
N1,3400024380,2700050260.0,Lid presser bearing damaged,JSWPL-VJN-PKG,Packing Section,VJ-BFM-101,2025-06-03,2025-06-03,2025-06-03,14:54:23,,00:00:00,0.0,NOCO ORAS,PRP,,,2025-06-27,21:35:12,2025-06-03 14:54:23,,2025-06-27 21:35:12
N3,3400024381,2700050261.0,Wheel damaged,JSWPL-VJN-MHE,Material Handling Equipment,VJ-BOST-FG-02,2025-06-04,2025-06-04,2025-06-04,14:55:38,2025-06-04,15:07:23,0.2,NOCO ORAS,PRP,,,2025-06-05,16:13:07,2025-06-04 14:55:38,2025-06-04 15:07:23,2025-06-05 16:13:07
N3,3400024400,,Heat sink damaged,JSWPL-VJN-COL,Process Building-Colorant Plant,VJ-COL-RFM-110,2025-06-04,2025-06-04,2025-06-04,07:00:00,,00:00:00,0.0,OSNO,PRP,,SHUBHAM,,00:00:00,2025-06-04 07:00:00,,
N3,3400024401,2700050360.0,Wheel damaged,JSWPL-VJN-MHE,Material Handling Equipment,VJ-BORT-RM-05,2025-06-04,2025-06-04,2025-06-04,11:11:19,2025-06-04,12:53:01,1.7,NOCO ORAS,RSI,,,2025-06-05,16:12:40,2025-06-04 11:11:19,2025-06-04 12:53:01,2025-06-05 16:12:40
N3,3400024421,2700050463.0,chiller is not running,JSWPL-VJN-UTL,Utility section,VJ-CANT-TVJB,2025-06-05,2025-06-05,2025-06-05,08:46:18,2025-06-05,11:00:00,0.0,NOCO ORAS,UTY,,,2025-06-20,17:21:21,2025-06-05 08:46:18,2025-06-05 11:00:00,2025-06-20 17:21:21
N3,3400024430,,POWDER IS NOT CONVEYING FROM SILO5,JSWPL-VJN-PRC-DIS,Dispersion section,VJ-PH-12,2025-06-05,2025-06-05,2025-06-05,06:30:00,2025-06-05,07:00:00,0.5,NOCO,PRP,,,2025-06-29,02:15:15,2025-06-05 06:30:00,2025-06-05 07:00:00,2025-06-29 02:15:15
N1,3400024433,2700050431.0,Side roller eccentric shaft replacement,JSWPL-VJN-PMH,Packing Material Handling,VJ-Z-101A,2025-06-06,2025-06-06,2025-06-06,11:47:15,,00:00:00,0.0,NOPR ORAS,PRP,,VARUN V,,00:00:00,2025-06-06 11:47:15,,
N3,3400024450,,T125 AODD pump inlet joint leakage,JSWPL-VJN-RMH-TNK,Tank Farm,VJ-T-125,2025-06-05,2025-06-05,2025-06-05,12:44:16,,00:00:00,0.0,NOCO,TFM,,ANILKUMAR K,2025-06-15,11:46:54,2025-06-05 12:44:16,,2025-06-15 11:46:54
N3,3400024451,,P100D AODD pump outlet handvalve leakage,JSWPL-VJN-RMH-TNK,Tank Farm,VJ-P-100D,2025-06-05,2025-06-05,2025-06-05,12:56:56,,00:00:00,0.0,NOCO,TFM,,ANILKUMAR K,2025-06-15,11:47:11,2025-06-05 12:56:56,,2025-06-15 11:47:11
N3,3400024453,2700050430.0,Wheel damaged,JSWPL-VJN-MHE,Material Handling Equipment,VJ-BOST-FG-02,2025-06-06,2025-06-06,2025-06-06,11:31:04,2025-06-06,12:41:00,1.17,NOCO ORAS,PRP,,,2025-06-29,11:58:11,2025-06-06 11:31:04,2025-06-06 12:41:00,2025-06-29 11:58:11
N3,3400024460,2700050481.0,bearing damage,JSWPL-VJN-MHE,Material Handling Equipment,VJ-BOPT-04,2025-06-05,2025-06-05,2025-06-05,15:00:56,2025-06-05,16:00:56,1.0,NOCO ORAS,PRP,,,2025-06-05,16:12:10,2025-06-05 15:00:56,2025-06-05 16:00:56,2025-06-05 16:12:10
N5,3400024510,,LOAD CELL OF BL-117,JSWPL-VJN-PRC-BLE,Blender  Section,VJ-WT-BL-127,2025-06-06,2025-06-06,2025-06-06,03:03:43,,00:00:00,0.0,OSNO,PRP,,IP1020230213,,00:00:00,2025-06-06 03:03:43,,
N3,3400024550,,PC 06 got tripped,JSWPL-VJN-RMH-SIL,Silo section,VJ-PC-06,2025-06-06,2025-06-06,2025-06-06,19:01:23,2025-06-06,19:30:20,0.48,NOPR,RSI,,,,00:00:00,2025-06-06 19:01:23,2025-06-06 19:30:20,
N1,3400024554,2700050777.0,Pail pusher sensor damaged,JSWPL-VJN-PKG,Packing Section,VJ-RFM-102,2025-06-13,2025-06-13,2025-06-13,11:51:40,,00:00:00,0.0,NOCO ORAS,PRP,,,2025-06-27,21:35:07,2025-06-13 11:51:40,,2025-06-27 21:35:07
N1,3400024555,2700050778.0,Filling head spool damaged,JSWPL-VJN-PKG,Packing Section,VJ-RFM-102,2025-06-13,2025-06-13,2025-06-13,11:56:31,,00:00:00,0.0,NOCO ORAS,PRP,,,2025-06-27,21:35:01,2025-06-13 11:56:31,,2025-06-27 21:35:01
N3,3400024571,2700051281.0,PGL03 Sequence not starting source fault,JSWPL-VJN-RMH-DYT,Day Tank,VJ-PGL-03,2025-06-07,2025-06-07,2025-06-07,08:52:12,2025-06-07,09:04:00,0.0,NOCO ORAS,PRP,,ANILKUMAR K,2025-06-20,17:23:32,2025-06-07 08:52:12,2025-06-07 09:04:00,2025-06-20 17:23:32
N3,3400024572,,BDS01 transfer hopper bellow damaged,JSWPL-VJN-RMH-RMG-BD1,Bag Dumping Station 01,VJ-BDS-01,2025-06-07,2025-06-07,2025-06-07,08:54:33,2025-06-07,09:30:25,0.0,NOCO,RSI,,ANILKUMAR K,2025-06-27,16:07:20,2025-06-07 08:54:33,2025-06-07 09:30:25,2025-06-27 16:07:20
N1,3400024573,2700050680.0,Sensor replacement for Zone-03,JSWPL-VJN-FGH-ASR,ASRS,VJ-CV-ZONE3,2025-06-07,2025-06-07,2025-06-07,12:14:32,,00:00:00,0.0,NOCO ORAS,PRP,,,2025-06-18,15:58:13,2025-06-07 12:14:32,,2025-06-18 15:58:13
N3,3400024574,2700050700.0,PDM widea ring replacement,JSWPL-VJN-COL,Process Building-Colorant Plant,VJ-COL-PDM-102,2025-06-07,2025-06-07,2025-06-07,12:50:12,,00:00:00,0.0,NOPR ORAS,PRP,,,,00:00:00,2025-06-07 12:50:12,,
N3,3400024620,2700050660.0,Wheel assembly adamage,JSWPL-VJN-MHE,Material Handling Equipment,VJ-BOST-FG-01,2025-06-07,2025-06-07,2025-06-07,10:03:34,2025-06-07,11:55:03,1.86,NOCO ORAS,PRP,,,2025-06-28,14:47:54,2025-06-07 10:03:34,2025-06-07 11:55:03,2025-06-28 14:47:54
N3,3400024631,2700051594.0,Pail denester not working properly,JSWPL-VJN-PKG,Packing Section,VJ-BFM-101,2025-06-07,2025-06-07,2025-06-07,20:21:18,2025-06-07,20:45:00,0.4,NOCO ORAS,PRP,,ALAGUMURUGAN,2025-06-28,19:34:42,2025-06-07 20:21:18,2025-06-07 20:45:00,2025-06-28 19:34:42
N3,3400024642,,PGL-12 NOT IN INITIAL POSITION,JSWPL-VJN-PRC-BLE,Blender  Section,VJ-PGL-12,2025-06-11,2025-06-11,2025-06-11,05:30:16,,00:00:00,0.0,NOCO,PRP,,,2025-06-29,02:24:42,2025-06-11 05:30:16,,2025-06-29 02:24:42
N5,3400024644,,LOAD CELL OF PH10,JSWPL-VJN-PRC,Processing Block,VJ-WT-PH-10,2025-06-14,2025-06-14,2025-06-14,03:04:34,,00:00:00,0.0,OSNO,PRP,,IP1020230213,,00:00:00,2025-06-14 03:04:34,,
N3,3400024651,2700051593.0,Dodge movement not happening properly,JSWPL-VJN-PKG,Packing Section,VJ-BFM-104,2025-06-07,2025-06-07,2025-06-07,17:29:36,2025-06-07,17:45:00,0.26,NOCO ORAS,PRP,,ALAGUMURUGAN,2025-06-28,19:34:37,2025-06-07 17:29:36,2025-06-07 17:45:00,2025-06-28 19:34:37
N3,3400024652,2700051592.0,Sensor reflector got damaged,JSWPL-VJN-PKG,Packing Section,VJ-BFM-104,2025-06-09,2025-06-09,2025-06-09,15:47:15,2025-06-09,15:59:00,0.2,NOCO ORAS,PRP,,ALAGUMURUGAN,2025-06-28,19:34:33,2025-06-09 15:47:15,2025-06-09 15:59:00,2025-06-28 19:34:33
N3,3400024653,,PC03 blower getting tripped,JSWPL-VJN-RMH-RMG-BD3,Bag Dumping Station 03,VJ-PC-03,2025-06-09,2025-06-09,2025-06-09,21:05:31,,00:00:00,0.0,NOCO,RSI,,ANILKUMAR K,2025-06-15,11:47:31,2025-06-09 21:05:31,,2025-06-15 11:47:31
N3,3400024654,,CATA variance coming 5 to 8 ton diff,,,VJ-WB-01,2025-06-09,2025-06-09,2025-06-09,21:50:40,,00:00:00,0.0,OSNO,,,ANILKUMAR K,,00:00:00,2025-06-09 21:50:40,,
N3,3400024655,2700051282.0,YSTRAL CONTI FLOW EWRROR,JSWPL-VJN-PRC-DIS,Dispersion section,VJ-Y-101A,2025-06-10,2025-06-10,2025-06-10,17:35:49,2025-06-10,18:05:00,0.49,NOCO ORAS,PRP,,,2025-06-20,17:25:47,2025-06-10 17:35:49,2025-06-10 18:05:00,2025-06-20 17:25:47
N3,3400024656,2700050633.0,pgl 13 not in initial,JSWPL-VJN-PRC-BLE,Blender  Section,VJ-PGL-13,2025-06-10,2025-06-10,2025-06-10,20:55:26,,00:00:00,0.0,NOCO ORAS,PRP,,,2025-06-16,05:40:16,2025-06-10 20:55:26,,2025-06-16 05:40:16
N3,3400024657,2700051283.0,pgl 05 not in initial,JSWPL-VJN-PRC-BLE,Blender  Section,VJ-PGL-05,2025-06-11,2025-06-11,2025-06-11,16:42:59,2025-06-11,17:12:00,0.48,NOCO ORAS,PRP,,,2025-06-20,17:28:06,2025-06-11 16:42:59,2025-06-11 17:12:00,2025-06-20 17:28:06
N3,3400024659,2700051284.0,pgl 01 recier side pig detecting issue,JSWPL-VJN-PRC-DIS,Dispersion section,VJ-PGL-01,2025-06-13,2025-06-13,2025-06-13,15:19:33,2025-06-13,15:37:00,0.29,NOCO ORAS,PRP,,,2025-06-20,17:31:11,2025-06-13 15:19:33,2025-06-13 15:37:00,2025-06-20 17:31:11
N3,3400024666,2700051591.0,Lid pressing unit not getting down,JSWPL-VJN-PKG,Packing Section,VJ-BFM-101,2025-06-12,2025-06-12,2025-06-12,08:30:03,2025-06-12,08:50:00,0.33,NOCO ORAS,PRP,,RAHUL,2025-06-28,19:34:27,2025-06-12 08:30:03,2025-06-12 08:50:00,2025-06-28 19:34:27
N5,3400024673,,LOAD CELL OF T-3150,JSWPL-VJN-PRC,Processing Block,VJ-WT-T-3150,2025-06-10,2025-06-10,2025-06-10,03:04:19,,00:00:00,0.0,OSNO,PRP,,IP1020230213,,00:00:00,2025-06-10 03:04:19,,
N1,3400024676,2700050828.0,PGL 14 PM work,JSWPL-VJN-PRC-BLE,Blender  Section,VJ-PGL-14,2025-06-13,2025-06-13,2025-06-13,12:04:40,,00:00:00,0.0,NOCO ORAS,PRP,,,2025-06-29,02:17:46,2025-06-13 12:04:40,,2025-06-29 02:17:46
N3,3400024677,2700051590.0,carton flap folder loosen and came out,JSWPL-VJN-PKG,Packing Section,VJ-RFM-102,2025-06-13,2025-06-13,2025-06-13,16:20:00,2025-06-13,16:40:00,0.33,NOCO ORAS,PRP,,SHUBHAM,2025-06-28,19:34:22,2025-06-13 16:20:00,2025-06-13 16:40:00,2025-06-28 19:34:22
N3,3400024682,2700050704.0,Y-STRAL FLOW ERROR COMING,JSWPL-VJN-PRC-DIS,Dispersion section,VJ-WIT-Y-011,2025-06-10,2025-06-10,2025-06-10,17:31:21,2025-06-10,18:01:00,0.0,NOCO ORAS,PRP,,,2025-06-20,17:32:57,2025-06-10 17:31:21,2025-06-10 18:01:00,2025-06-20 17:32:57
N5,3400024686,,LOAD CELL OF BL-103,JSWPL-VJN-PRC-BLE,Blender  Section,VJ-WT-BL-103,2025-06-13,2025-06-13,2025-06-13,03:03:48,,00:00:00,0.0,OSNO,PRP,,IP1020230213,,00:00:00,2025-06-13 03:03:48,,
N5,3400024687,,LOADCELL OF TSD-104,JSWPL-VJN-PRC-DIS,Dispersion section,VJ-WIT-TSD-104,2025-06-13,2025-06-13,2025-06-13,03:03:51,,00:00:00,0.0,OSNO,PRP,,IP1020230213,,00:00:00,2025-06-13 03:03:51,,
N5,3400024689,,LOADCELL OF WH-03,JSWPL-VJN-RMH,RM Handling,VJ-WE-WH03,2025-06-15,2025-06-15,2025-06-15,03:03:48,,00:00:00,0.0,OSNO,RSI,,IP1020230213,,00:00:00,2025-06-15 03:03:48,,
N3,3400024690,2700050972.0,BOST FG 03 Support wheel in damage condi,JSWPL-VJN-MHE,Material Handling Equipment,VJ-BOST-FG-02,2025-06-09,2025-06-09,2025-06-09,09:26:20,2025-06-09,10:14:09,0.8,NOCO ORAS,PRP,,,2025-06-28,14:45:21,2025-06-09 09:26:20,2025-06-09 10:14:09,2025-06-28 14:45:21
N1,3400024694,,Alum agitatior has abnormal sound,JSWPL-VJN-UTL-ETP,ETP,VJ-AG-C7-105,2025-06-13,2025-06-13,2025-06-13,09:29:36,,00:00:00,0.0,NOCO,PRP,,KHETHAN.R,2025-06-15,11:48:33,2025-06-13 09:29:36,,2025-06-15 11:48:33
N3,3400024695,2700051589.0,robo gripper hit to carton,JSWPL-VJN-PKG,Packing Section,VJ-RFM-105,2025-06-16,2025-06-16,2025-06-16,14:05:00,2025-06-16,14:20:00,0.25,NOCO ORAS,PRP,,SHUBHAM,2025-06-28,19:34:12,2025-06-16 14:05:00,2025-06-16 14:20:00,2025-06-28 19:34:12
N3,3400024718,2700050858.0,BOPT-PM-06 WHEEL DAMAGED,JSWPL-VJN,JSW Paints - Vijayanagar,,2025-06-16,2025-06-16,2025-06-16,09:04:03,2025-06-16,10:14:09,1.17,NOCO ORAS,PRP,,JYOTHI,2025-06-28,14:44:45,2025-06-16 09:04:03,2025-06-16 10:14:09,2025-06-28 14:44:45
N3,3400024724,2700050650.0,TSD 103 pump overhauling,JSWPL-VJN-PRC-DIS,Dispersion section,VJ-P-TSD103,2025-06-13,2025-06-13,2025-06-13,12:45:21,,00:00:00,0.0,NOPR ORAS,PRP,,,,00:00:00,2025-06-13 12:45:21,,
N1,3400024725,,Eq blower A belt damaged,JSWPL-VJN-UTL-ETP,ETP,VJ-BL-B9-106A,2025-06-13,2025-06-13,2025-06-13,14:43:32,,00:00:00,0.0,NOCO,PRP,,LIKHITH,2025-06-15,11:48:18,2025-06-13 14:43:32,,2025-06-15 11:48:18
N3,3400024728,2700051588.0,Lid fitment not happening in B track,JSWPL-VJN-PKG,Packing Section,VJ-RFM-102,2025-06-13,2025-06-13,2025-06-13,17:50:00,2025-06-13,18:10:00,0.33,NOCO ORAS,PRP,,SHUBHAM,2025-06-28,19:34:06,2025-06-13 17:50:00,2025-06-13 18:10:00,2025-06-28 19:34:06
N3,3400024730,2700051608.0,Zone#1 cross conveyor got tilted,JSWPL-VJN-PKG,Packing Section,VJ-BFM-101,2025-06-11,2025-06-11,2025-06-11,22:02:42,2025-06-11,22:30:00,0.46,NOCO ORAS,PRP,,ALAGUMURUGAN,2025-06-28,19:38:46,2025-06-11 22:02:42,2025-06-11 22:30:00,2025-06-28 19:38:46
N3,3400024731,2700050632.0,PGL 05 NOT IN INTIAL POSITION,JSWPL-VJN-PRC-BLE,Blender  Section,VJ-PGL-05,2025-06-12,2025-06-12,2025-06-12,02:00:00,2025-06-12,05:00:00,3.0,NOCO ORAS,PRP,,,2025-06-29,02:19:40,2025-06-12 02:00:00,2025-06-12 05:00:00,2025-06-29 02:19:40
N3,3400024761,2700051587.0,Lid fitment not happening in B track,JSWPL-VJN-PKG,Packing Section,VJ-RFM-102,2025-06-14,2025-06-14,2025-06-14,15:46:01,2025-06-14,16:10:00,0.0,NOCO ORAS,PRP,,LID FITMENT,2025-06-28,19:34:02,2025-06-14 15:46:01,2025-06-14 16:10:00,2025-06-28 19:34:02
N3,3400024762,2700051586.0,Lid fitment not happening in B track,JSWPL-VJN-PKG,Packing Section,VJ-RFM-102,2025-06-14,2025-06-14,2025-06-14,15:00:00,2025-06-14,15:40:00,0.67,NOCO ORAS,PRP,,SHUBHAM,2025-06-28,19:33:55,2025-06-14 15:00:00,2025-06-14 15:40:00,2025-06-28 19:33:55
N3,3400024771,,SMOKE OBSERVED FROM THE PUMP,JSWPL-VJN-PRC-DIS,Dispersion section,VJ-TSD-103,2025-06-13,2025-06-13,2025-06-13,06:00:00,2025-06-13,11:00:00,5.0,NOCO,PRP,,,2025-06-29,02:20:41,2025-06-13 06:00:00,2025-06-13 11:00:00,2025-06-29 02:20:41
N3,3400024772,2700050631.0,PGL 01 pig detection issue,JSWPL-VJN-PRC-DIS,Dispersion section,VJ-PGL-01,2025-06-14,2025-06-14,2025-06-14,17:58:29,,00:00:00,0.0,NOCO ORAS,PRP,,SHASHI,2025-06-16,05:33:58,2025-06-14 17:58:29,,2025-06-16 05:33:58
N1,3400024776,2700050793.0,SELECTOR SWITCH FOR TOKEN DISPENSER,JSWPL-VJN-PKG,Packing Section,VJ-BFM-101,2025-06-17,2025-06-17,2025-06-17,12:43:00,,00:00:00,0.0,NOCO ORAS,PRP,,,2025-06-27,21:36:12,2025-06-17 12:43:00,,2025-06-27 21:36:12
N3,3400024780,2700051585.0,lid placer vaccum generation issue,JSWPL-VJN-PKG,Packing Section,VJ-RFM-104,2025-06-14,2025-06-14,2025-06-14,16:40:00,2025-06-14,17:00:00,0.33,NOCO ORAS,PRP,,SHUBHAM,2025-06-28,19:33:50,2025-06-14 16:40:00,2025-06-14 17:00:00,2025-06-28 19:33:50
N5,3400024790,,LOADCELL OF WH-04,JSWPL-VJN-RMH,RM Handling,VJ-WE-WH04,2025-06-15,2025-06-15,2025-06-15,03:03:48,,00:00:00,0.0,OSNO,RSI,,IP1020230213,,00:00:00,2025-06-15 03:03:48,,
N5,3400024791,,LOAD CELL OF PH08,JSWPL-VJN-PRC,Processing Block,VJ-WT-PH-08,2025-06-15,2025-06-15,2025-06-15,03:03:49,,00:00:00,0.0,OSNO,PRP,,IP1020230213,,00:00:00,2025-06-15 03:03:49,,
N3,3400024801,2700051640.0,Alum Agitator Motor Bearing got damaged,JSWPL-VJN-UTL-ETP,ETP,VJ-AG-C7-105,2025-06-15,2025-06-15,2025-06-15,06:55:25,2025-06-15,09:35:00,2.66,NOCO ORAS,PRP,,IRSHAD S,2025-06-29,12:01:08,2025-06-15 06:55:25,2025-06-15 09:35:00,2025-06-29 12:01:08
N3,3400024802,2700051584.0,denester not working,JSWPL-VJN-PKG,Packing Section,VJ-BFM-102,2025-06-15,2025-06-15,2025-06-15,14:30:00,2025-06-15,15:00:00,0.5,NOCO ORAS,PRP,,SHUBHAM,2025-06-28,19:33:45,2025-06-15 14:30:00,2025-06-15 15:00:00,2025-06-28 19:33:45
N3,3400024803,2700051583.0,Dodge chain tension eye bolt got cut,JSWPL-VJN-PKG,Packing Section,VJ-RFM-102,2025-06-15,2025-06-15,2025-06-15,06:10:00,2025-06-15,07:10:00,1.0,NOCO ORAS,PRP,,SHUBHAM,2025-06-28,19:33:38,2025-06-15 06:10:00,2025-06-15 07:10:00,2025-06-28 19:33:38
N5,3400024810,,LOAD CELL OF PH07,JSWPL-VJN-PRC,Processing Block,VJ-WT-PH-07,2025-06-17,2025-06-17,2025-06-17,03:04:53,,00:00:00,0.0,OSNO,PRP,,IP1020230213,,00:00:00,2025-06-17 03:04:53,,
N3,3400024822,2700050652.0,BDS-03 Non drive side seal leakage,JSWPL-VJN-RMH-RMG-BD3,Bag Dumping Station 03,VJ-BDS-03,2025-06-17,2025-06-17,2025-06-17,10:00:00,2025-06-17,14:00:00,4.0,NOCO ORAS,RSI,,,2025-06-29,02:22:38,2025-06-17 10:00:00,2025-06-17 14:00:00,2025-06-29 02:22:38
N3,3400024840,2700051020.0,Denester cyl damaged,JSWPL-VJN-PKG,Packing Section,VJ-RFM-102,2025-06-17,2025-06-17,2025-06-17,16:59:23,2025-06-17,17:09:00,0.0,NOCO ORAS,PRP,,,2025-06-27,21:30:18,2025-06-17 16:59:23,2025-06-17 17:09:00,2025-06-27 21:30:18
N3,3400024851,,EQ Pump-A discharge not reaching H-DAF,JSWPL-VJN-UTL-ETP,ETP,VJ-P-B9-113A,2025-06-19,2025-06-19,2025-06-19,08:05:10,,00:00:00,0.0,OSNO,PRP,,IRSHAD S,,00:00:00,2025-06-19 08:05:10,,
N1,3400024854,2700051167.0,Highway line sensor damaged,JSWPL-VJN-PKG,Packing Section,VJ-BFM-104,2025-06-21,2025-06-21,2025-06-21,09:41:50,,00:00:00,0.0,NOCO ORAS,PRP,,,2025-06-27,21:29:52,2025-06-21 09:41:50,,2025-06-27 21:29:52
N3,3400024855,2700051455.0,Shade printer got automatically,JSWPL-VJN-PKG,Packing Section,VJ-RFM-105,2025-06-24,2025-06-24,2025-06-24,00:21:53,2025-06-24,00:55:00,0.55,NOCO ORAS,PRP,,ALAGUMURUGAN,2025-06-27,21:29:09,2025-06-24 00:21:53,2025-06-24 00:55:00,2025-06-27 21:29:09
N3,3400024860,2700051040.0,Key set damaged,JSWPL-VJN-MHE,Material Handling Equipment,VJ-BOST-FG-02,2025-06-17,2025-06-17,2025-06-17,17:22:38,2025-06-17,18:56:31,1.56,NOCO ORAS,PRP,,,2025-06-28,14:44:09,2025-06-17 17:22:38,2025-06-17 18:56:31,2025-06-28 14:44:09
N5,3400024864,,LOAD CELL OF PH01,JSWPL-VJN-PRC,Processing Block,VJ-WT-PH-01,2025-06-19,2025-06-19,2025-06-19,03:03:28,,00:00:00,0.0,OSNO,PRP,,IP1020230213,,00:00:00,2025-06-19 03:03:28,,
N3,3400024873,,BDS-1 & BDS-03 dusting issue,JSWPL-VJN-RMH-RMG-BD1,Bag Dumping Station 01,VJ-BDS-01,2025-06-20,2025-06-20,2025-06-20,09:32:50,,00:00:00,0.0,NOCO,RSI,,CHAND BASHA,2025-06-20,09:34:01,2025-06-20 09:32:50,,2025-06-20 09:34:01
N1,3400024875,,High Moisture in ETP Compressor Air,JSWPL-VJN-UTL-ETP,ETP,VJ-AC-C5-104,2025-06-21,2025-06-21,2025-06-21,21:45:14,,00:00:00,0.0,OSNO,PRP,,IRSHAD S,,00:00:00,2025-06-21 21:45:14,,
N1,3400024876,,Ice formation & low cooling in ETP AC.,JSWPL-VJN-UTL-ETP,ETP,,2025-06-23,2025-06-23,2025-06-23,08:02:34,,00:00:00,0.0,OSNO,ETP,,IRSHAD S,,00:00:00,2025-06-23 08:02:34,,
N1,3400024878,,Associate locker room leakage from roof.,JSWPL-VJN-UTL-ETP,ETP,,2025-06-25,2024-10-21,2025-06-25,07:48:58,,00:00:00,0.0,OSNO,ETP,,IRSHAD S,,00:00:00,2025-06-25 07:48:58,,
N1,3400024879,,Rain water enter ETP Office thru Window,JSWPL-VJN-UTL-ETP,ETP,,2025-06-25,2024-06-30,2025-06-25,07:51:50,,00:00:00,0.0,OSNO,ETP,,IRSHAD S,,00:00:00,2025-06-25 07:51:50,,
N3,3400024888,2700051168.0,BOST FG 02 support wheel in damage,JSWPL-VJN-MHE,Material Handling Equipment,VJ-BOST-FG-02,2025-06-20,2025-06-20,2025-06-20,16:02:29,2025-06-20,17:04:08,1.03,NOCO ORAS,PRP,,,2025-06-28,14:43:43,2025-06-20 16:02:29,2025-06-20 17:04:08,2025-06-28 14:43:43
N3,3400024889,,PGL 15 sequence not completing,JSWPL-VJN-PRC-BLE,Blender  Section,VJ-PGL-15,2025-06-21,2025-06-21,2025-06-21,22:58:40,,00:00:00,0.5,NOCO,PRP,,GOURAV,2025-06-21,22:59:46,2025-06-21 22:58:40,,2025-06-21 22:59:46
N3,3400024890,2700051504.0,UV system is not working,JSWPL-VJN-RMH-PWT,Process Water,VJ-UV-101A,2025-06-17,2025-06-17,2025-06-17,22:51:35,2025-06-17,23:21:35,0.5,NOCO ORAS,PRP,,,2025-06-29,12:35:13,2025-06-17 22:51:35,2025-06-17 23:21:35,2025-06-29 12:35:13
N1,3400024895,,"First floor toilet sink bloc,leakage,til",JSWPL-VJN-UTL-CHR,Chiller,,2025-06-25,2025-06-25,2025-06-25,12:55:04,,00:00:00,0.0,NOPR,PRP,,,,00:00:00,2025-06-25 12:55:04,,
N1,3400024896,2700051107.0,V-118 LOADCELL ISSUE,JSWPL-VJN-PRC-DIS,Dispersion section,VJ-V-118,2025-06-26,2025-06-26,2025-06-26,16:25:00,2025-06-26,16:45:00,0.0,NOCO ORAS,PRP,,,2025-06-27,15:36:17,2025-06-26 16:25:00,2025-06-26 16:45:00,2025-06-27 15:36:17
N3,3400024900,2700051454.0,Bottom taping not happening properly,JSWPL-VJN-PKG,Packing Section,VJ-RFM-102,2025-06-18,2025-06-18,2025-06-18,04:53:00,2025-06-18,05:18:00,0.42,NOCO ORAS,PRP,,ALAGUMURUGAN,2025-06-27,21:29:19,2025-06-18 04:53:00,2025-06-18 05:18:00,2025-06-27 21:29:19
N3,3400024901,2700051453.0,B2 nozzle dripping issues,JSWPL-VJN-PKG,Packing Section,VJ-RFM-102,2025-06-18,2025-06-18,2025-06-18,04:55:57,2025-06-18,05:10:00,0.23,NOCO ORAS,PRP,,ALAGUMURUGAN,2025-06-27,21:29:14,2025-06-18 04:55:57,2025-06-18 05:10:00,2025-06-27 21:29:14
N3,3400024902,2700051452.0,Flap folder not closing properly,JSWPL-VJN-PKG,Packing Section,VJ-RFM-102,2025-06-18,2025-06-18,2025-06-18,04:57:05,2025-06-18,05:30:00,0.55,NOCO ORAS,PRP,,ALAGUMURUGAN,2025-06-27,21:24:00,2025-06-18 04:57:05,2025-06-18 05:30:00,2025-06-27 21:24:00
N3,3400024910,2700051451.0,Pickup table roller not rotaing properly,JSWPL-VJN-PKG,Packing Section,VJ-RFM-105,2025-06-18,2025-06-18,2025-06-18,05:29:47,2025-06-18,05:55:00,0.42,NOCO ORAS,PRP,,ALAGUMURUGAN,2025-06-27,19:57:12,2025-06-18 05:29:47,2025-06-18 05:55:00,2025-06-27 19:57:12
N1,3400024912,2700051202.0,Hose pipe gasket damaged,JSWPL-VJN-PKG,Packing Section,VJ-BFM-103,2025-06-19,2025-06-19,2025-06-19,14:34:15,,00:00:00,0.0,NOCO ORAS,PRP,,,2025-06-23,23:11:00,2025-06-19 14:34:15,,2025-06-23 23:11:00
N3,3400024923,2700051441.0,OCR Teaching issues,JSWPL-VJN-PKG,Packing Section,VJ-BFM-102,2025-06-20,2025-06-20,2025-06-20,05:31:16,2025-06-20,05:45:25,0.24,NOCO ORAS,PRP,,ALAGUMURUGAN,2025-06-23,23:06:21,2025-06-20 05:31:16,2025-06-20 05:45:25,2025-06-23 23:06:21
N3,3400024924,2700051450.0,Pail printing not happening on pail,JSWPL-VJN-PKG,Packing Section,VJ-BFM-102,2025-06-20,2025-06-20,2025-06-20,05:32:57,2025-06-20,05:55:00,0.37,NOCO ORAS,PRP,,ALAGUMURUGAN,2025-06-27,19:55:45,2025-06-20 05:32:57,2025-06-20 05:55:00,2025-06-27 19:55:45
N1,3400024931,2700051120.0,uto lift-02 reset push button damaged,JSWPL-VJN-PMH,Packing Material Handling,VJ-Z-101A,2025-06-18,2025-06-18,2025-06-18,16:15:43,,00:00:00,0.0,NOPR ORAS,PRP,,,,00:00:00,2025-06-18 16:15:43,,
N3,3400024932,2700051180.0,BDS01 full Dusting from vibroscreen,JSWPL-VJN-RMH-RMG-BD1,Bag Dumping Station 01,VJ-BDS-01,2025-06-18,2025-06-18,2025-06-18,19:56:53,2025-06-18,20:20:00,0.39,NOCO ORAS,RSI,,ANILKUMAR K,2025-06-29,02:23:31,2025-06-18 19:56:53,2025-06-18 20:20:00,2025-06-29 02:23:31
N1,3400024933,2700051121.0,cylinder not working properly,JSWPL-VJN-PRC-BLE,Blender  Section,VJ-PGL-14,2025-06-19,2025-06-19,2025-06-19,11:15:49,,00:00:00,0.0,NOCO ORAS,PRP,,,2025-06-23,08:27:04,2025-06-19 11:15:49,,2025-06-23 08:27:04
N5,3400024934,,LOAD CELL OF WH-07,JSWPL-VJN-RMH-RMG-ATX,Atex System & Medium component handling,VJ-WT-WH-07,2025-06-20,2025-06-20,2025-06-20,03:03:47,,00:00:00,0.0,OSNO,PRP,,IP1020230213,,00:00:00,2025-06-20 03:03:47,,
N3,3400024935,,PGL 05 PIG SENCING ISSUE,JSWPL-VJN-PRC-BLE,Blender  Section,VJ-PGL-05,2025-06-20,2025-06-20,2025-06-20,11:19:12,2025-06-20,11:30:00,0.18,NOCO,PRP,,,2025-06-29,02:24:14,2025-06-20 11:19:12,2025-06-20 11:30:00,2025-06-29 02:24:14
N3,3400024936,2700051612.0,PGL 12 PIGGING SEQUENCE NOT COMPLETED,JSWPL-VJN-PRC-BLE,Blender  Section,VJ-PGL-12,2025-06-20,2025-06-20,2025-06-20,11:21:00,2025-06-20,11:36:00,0.25,NOCO ORAS,PRP,,,2025-06-29,16:43:44,2025-06-20 11:21:00,2025-06-20 11:36:00,2025-06-29 16:43:44
N3,3400024937,2700051261.0,Wheel damaged,JSWPL-VJN-MHE,Material Handling Equipment,VJ-BOST-PR-04,2025-06-20,2025-06-20,2025-06-20,11:30:18,2025-06-20,12:53:01,1.38,NOCO ORAS,PRP,,,2025-06-28,14:42:41,2025-06-20 11:30:18,2025-06-20 12:53:01,2025-06-28 14:42:41
N3,3400024938,2700051262.0,wheels damaged,JSWPL-VJN-MHE,Material Handling Equipment,VJ-BOST-FG-02,2025-06-21,2025-06-21,2025-06-21,12:51:22,2025-06-21,16:00:33,3.15,NOCO ORAS,PRP,,,2025-06-28,14:42:13,2025-06-21 12:51:22,2025-06-21 16:00:33,2025-06-28 14:42:13
N5,3400024939,,LOAD CELL OF PH05,JSWPL-VJN-PRC,Processing Block,VJ-WT-PH-05,2025-06-22,2025-06-22,2025-06-22,03:03:35,,00:00:00,0.0,OSNO,PRP,,IP1020230213,,00:00:00,2025-06-22 03:03:35,,
N1,3400024944,2700051440.0,Pick and place bearing damaged,JSWPL-VJN-PKG,Packing Section,VJ-RFM-105,2025-06-23,2025-06-23,2025-06-23,10:04:32,,00:00:00,0.0,NOCO ORAS,PRP,,,2025-06-27,19:53:33,2025-06-23 10:04:32,,2025-06-27 19:53:33
N3,3400024945,2700051174.0,leakage in TSD 103 Pump,JSWPL-VJN-PRC-DIS,Dispersion section,VJ-TSD-103,2025-06-23,2025-06-23,2025-06-23,15:55:00,2025-06-23,18:55:00,3.0,NOCO ORAS,PRP,,,2025-06-28,21:24:19,2025-06-23 15:55:00,2025-06-23 18:55:00,2025-06-28 21:24:19
N3,3400024946,2700051329.0,powder not conyeing from wh03 to ph 08,JSWPL-VJN-RMH-SIL,Silo section,VJ-WH-03,2025-06-23,2025-06-23,2025-06-23,15:58:07,,00:00:00,0.5,NOCO ORAS,RSI,,,2025-06-30,13:42:34,2025-06-23 15:58:07,,2025-06-30 13:42:34
N3,3400024947,2700051501.0,pgl 11 pig detection issue,JSWPL-VJN-PRC-BLE,Blender  Section,VJ-PGL-11,2025-06-23,2025-06-23,2025-06-23,16:20:00,2025-06-23,16:30:00,0.5,NOCO ORAS,PRP,,MANOJ,2025-06-27,15:39:41,2025-06-23 16:20:00,2025-06-23 16:30:00,2025-06-27 15:39:41
N5,3400024948,,LOAD CELL OF BL-113,JSWPL-VJN-PRC-BLE,Blender  Section,VJ-WT-BL-123,2025-06-24,2025-06-24,2025-06-24,03:04:40,,00:00:00,0.0,OSNO,PRP,,IP1020230213,,00:00:00,2025-06-24 03:04:40,,
N5,3400024949,,LOAD CELL OF BL-118,JSWPL-VJN-PRC-BLE,Blender  Section,VJ-WT-BL-128,2025-06-24,2025-06-24,2025-06-24,03:04:40,,00:00:00,0.0,OSNO,PRP,,IP1020230213,,00:00:00,2025-06-24 03:04:40,,
N3,3400024952,2700051208.0,pgl 12 pigging sequence issue,JSWPL-VJN-PRC-BLE,Blender  Section,VJ-PGL-12,2025-06-21,2025-06-21,2025-06-21,20:00:00,2025-06-21,21:00:00,1.0,NOCO ORAS,PRP,,,2025-06-29,02:28:50,2025-06-21 20:00:00,2025-06-21 21:00:00,2025-06-29 02:28:50
N5,3400024972,,LOAD CELL OF PH12,JSWPL-VJN-PRC,Processing Block,VJ-WT-PH-12,2025-06-21,2025-06-21,2025-06-21,03:03:49,,00:00:00,0.0,OSNO,PRP,,IP1020230213,,00:00:00,2025-06-21 03:03:49,,
N5,3400024973,,LOAD CELL OF T-3140,JSWPL-VJN-PRC,Processing Block,VJ-WT-T-3140,2025-06-21,2025-06-21,2025-06-21,03:03:49,,00:00:00,0.0,OSNO,PRP,,IP1020230213,,00:00:00,2025-06-21 03:03:49,,
N3,3400024976,2700051502.0,PGL 01 RECIEVER SIDE PIG SENCING ISSUE,JSWPL-VJN-PRC-DIS,Dispersion section,VJ-PGL-01,2025-06-26,2025-06-26,2025-06-26,11:38:00,2025-06-26,11:58:00,0.33,NOCO ORAS,PRP,,,2025-06-27,15:44:54,2025-06-26 11:38:00,2025-06-26 11:58:00,2025-06-27 15:44:54
N1,3400025008,2700051301.0,Changeover confirmation logic implementi,JSWPL-VJN-PKG,Packing Section,VJ-BFM-101,2025-06-24,2025-06-24,2025-06-24,12:22:02,,00:00:00,0.0,NOCO ORAS,PRP,,,2025-06-27,19:53:01,2025-06-24 12:22:02,,2025-06-27 19:53:01
N3,3400025015,2700051289.0,wheels damaged,JSWPL-VJN-MHE,Material Handling Equipment,VJ-BOST-PR-04,2025-06-28,2025-06-28,2025-06-28,10:39:34,2025-06-28,11:55:03,1.26,NOCO ORAS,PRP,,,2025-06-28,14:41:31,2025-06-28 10:39:34,2025-06-28 11:55:03,2025-06-28 14:41:31
N3,3400025018,2700051293.0,wheels damaged,JSWPL-VJN-MHE,Material Handling Equipment,VJ-BOST-FG-02,2025-06-30,2025-06-30,2025-06-30,17:04:45,,00:00:00,0.0,NOPR ORAS,PRP,,,,00:00:00,2025-06-30 17:04:45,,
N5,3400025030,,LOADCELL OF WH-01,JSWPL-VJN-RMH,RM Handling,VJ-WE-WH01,2025-06-24,2025-06-24,2025-06-24,03:04:44,,00:00:00,0.0,OSNO,RSI,,IP1020230213,,00:00:00,2025-06-24 03:04:44,,
N5,3400025031,,LOADCELL OF WH-02,JSWPL-VJN-RMH,RM Handling,VJ-WE-WH02,2025-06-24,2025-06-24,2025-06-24,03:04:45,,00:00:00,0.0,OSNO,RSI,,IP1020230213,,00:00:00,2025-06-24 03:04:45,,
N3,3400025032,2700051302.0,PGL05 pigging sequence not completing,JSWPL-VJN-PRC-BLE,Blender  Section,VJ-PGL-05,2025-06-24,2025-06-24,2025-06-24,21:51:04,2025-06-24,22:51:04,1.0,NOCO ORAS,PRP,,,2025-07-05,08:07:29,2025-06-24 21:51:04,2025-06-24 22:51:04,2025-07-05 08:07:29
N3,3400025033,2700051505.0,Forward&reverse not working,JSWPL-VJN-RMH-RMG-BD1,Bag Dumping Station 01,VJ-M-EOT-BDS01-A,2025-06-25,2025-06-25,2025-06-25,11:16:37,2025-06-25,11:46:37,0.5,NOCO ORAS,RSI,,ANILKUMAR K,2025-06-29,12:37:33,2025-06-25 11:16:37,2025-06-25 11:46:37,2025-06-29 12:37:33
N3,3400025036,,BDS01 hoist A Rope misaligned over laped,JSWPL-VJN-RMH-RMG-BD1,Bag Dumping Station 01,VJ-BDS-01,2025-06-26,2025-06-26,2025-06-26,08:04:23,,00:00:00,0.0,OSNO,RSI,,ANILKUMAR K,,00:00:00,2025-06-26 08:04:23,,
N3,3400025037,,eductor machine seal damaged,JSWPL-VJN-PRC-BLE,Blender  Section,VJ-ED-101,2025-06-27,2025-06-27,2025-06-27,12:02:08,,00:00:00,0.0,NOPR,PRP,,ALKA,,00:00:00,2025-06-27 12:02:08,,
N1,3400025038,2700051582.0,Devree Lid Detector Interlock,JSWPL-VJN-PKG,Packing Section,VJ-RFM-102,2025-06-28,2025-06-28,2025-06-28,16:19:23,,00:00:00,0.0,NOCO ORAS,PRP,,,2025-06-28,19:33:33,2025-06-28 16:19:23,,2025-06-28 19:33:33
N3,3400025042,2700051389.0,BOST-PM-09 Side & load WHEEL DAMAGED,JSWPL-VJN,JSW Paints - Vijayanagar,,2025-06-25,2025-06-25,2025-06-25,07:20:00,2025-06-25,08:40:08,1.34,NOCO ORAS,PRP,,,2025-06-28,14:40:53,2025-06-25 07:20:00,2025-06-25 08:40:08,2025-06-28 14:40:53
N1,3400025061,2700051500.0,AOOD pump connector damaged,JSWPL-VJN-PKG,Packing Section,VJ-RFM-101,2025-06-26,2025-06-26,2025-06-26,12:58:51,,00:00:00,0.0,NOCO ORAS,PRP,,,2025-06-27,19:52:36,2025-06-26 12:58:51,,2025-06-27 19:52:36
N3,3400025062,2700051449.0,Printing not happening on pail,JSWPL-VJN-PKG,Packing Section,VJ-BFM-104,2025-06-26,2025-06-26,2025-06-26,15:58:09,2025-06-26,16:30:00,0.53,NOCO ORAS,PRP,,ALAGUMURUGAN,2025-06-27,19:53:53,2025-06-26 15:58:09,2025-06-26 16:30:00,2025-06-27 19:53:53
N1,3400025063,2700051503.0,Dosing Hopper T-3120 Loadcell issue,JSWPL-VJN-PRC,Processing Block,VJ-WT-T-3120,2025-06-27,2025-06-27,2025-06-27,16:05:00,2025-06-27,16:35:00,0.0,NOCO ORAS,PRP,,TARENDRA,2025-06-28,14:34:44,2025-06-27 16:05:00,2025-06-27 16:35:00,2025-06-28 14:34:44
N1,3400025071,2700051232.0,Cooling Tower chemicals,JSWPL-VJN-UTL-CTR,Cooling Tower,VJ-CT-101A,2025-06-27,2025-06-27,2025-06-27,11:13:04,,00:00:00,0.0,NOCO ORAS,PRP,,,2025-06-29,02:27:23,2025-06-27 11:13:04,,2025-06-29 02:27:23
N3,3400025081,2700051432.0,wheels damaged,JSWPL-VJN-MHE,Material Handling Equipment,VJ-BOST-FG-02,2025-06-28,2025-06-28,2025-06-28,14:29:16,,00:00:00,0.0,NOPR ORAS,PRP,,,,00:00:00,2025-06-28 14:29:16,,
N3,3400025082,2700051433.0,Y-stral Tank-02 Bellow damaged,JSWPL-VJN-PRC-DIS,Dispersion section,VJ-Y-101B,2025-06-29,2025-06-29,2025-06-29,05:32:41,2025-06-29,06:32:41,1.0,NOCO ORAS,PRP,,,2025-07-05,07:55:42,2025-06-29 05:32:41,2025-06-29 06:32:41,2025-07-05 07:55:42
N3,3400025083,,filling not happening from head 2,JSWPL-VJN-PKG,Packing Section,VJ-RFM-104,2025-06-30,2025-06-30,2025-06-30,04:25:00,,00:00:00,0.0,OSNO,PRP,,SHUBHAM,,00:00:00,2025-06-30 04:25:00,,
N3,3400025091,2700051173.0,PGL-14 PIG NOT IN INITIAL POSITION,JSWPL-VJN-PRC-BLE,Blender  Section,VJ-PGL-14,2025-06-28,2025-06-28,2025-06-28,09:40:00,2025-06-28,10:15:00,0.58,NOCO ORAS,PRP,,,2025-06-28,21:18:32,2025-06-28 09:40:00,2025-06-28 10:15:00,2025-06-28 21:18:32
N3,3400025093,,Weight variation issues,JSWPL-VJN-PKG,Packing Section,VJ-BFM-103,2025-06-29,2025-06-29,2025-06-29,21:25:09,,00:00:00,0.0,OSNO,PRP,,ALAGUMURUGAN,,00:00:00,2025-06-29 21:25:09,,
N3,3400025102,,BOST-PM-09 WHEEL DAMAGED,JSWPL-VJN,JSW Paints - Vijayanagar,,2025-06-30,2025-06-30,2025-06-30,07:32:01,,00:00:00,0.0,OSNO,PRP,,JYOTHI,,00:00:00,2025-06-30 07:32:01,,
N3,3400025120,2700051448.0,BFM101 stopped due to tkn nt found error,JSWPL-VJN-PKG,Packing Section,VJ-BFM-101,2025-06-27,2025-06-27,2025-06-27,19:02:27,2025-06-27,19:35:00,0.54,NOCO ORAS,PRP,,PARTHA,2025-06-27,19:49:30,2025-06-27 19:02:27,2025-06-27 19:35:00,2025-06-27 19:49:30
N3,3400025121,,BOST-PM-09 WHEEL DAMAGED,JSWPL-VJN,JSW Paints - Vijayanagar,,2025-06-28,2025-06-28,2025-06-28,10:42:53,,00:00:00,0.0,NOPR,PRP,,,,00:00:00,2025-06-28 10:42:53,,
N3,3400025125,2700051330.0,PH01 purging not working,JSWPL-VJN-PRC-DIS,Dispersion section,VJ-PH-01,2025-06-30,2025-06-30,2025-06-30,13:16:13,2025-06-30,13:44:00,0.0,NOCO ORAS,PRP,,,2025-06-30,13:45:52,2025-06-30 13:16:13,2025-06-30 13:44:00,2025-06-30 13:45:52
N5,3400025130,,LOADCELL OF T155,JSWPL-VJN-PRC-DIS,Dispersion section,VJ-WS-T155,2025-06-28,2025-06-28,2025-06-28,03:04:09,,00:00:00,0.0,OSNO,PRP,,IP1020230213,,00:00:00,2025-06-28 03:04:09,,
N5,3400025131,,LOADCELL OF WH-05,JSWPL-VJN-RMH,RM Handling,VJ-WE-WH05,2025-06-28,2025-06-28,2025-06-28,03:04:14,,00:00:00,0.0,OSNO,RSI,,IP1020230213,,00:00:00,2025-06-28 03:04:14,,
N5,3400025132,,LOADCELL OF WH-06,JSWPL-VJN-RMH,RM Handling,VJ-WE-WH06,2025-06-28,2025-06-28,2025-06-28,03:04:14,,00:00:00,0.0,OSNO,RSI,,IP1020230213,,00:00:00,2025-06-28 03:04:14,,
N5,3400025133,,LOAD CELL OF T-3130,JSWPL-VJN-PRC,Processing Block,VJ-WT-T-3130,2025-06-28,2025-06-28,2025-06-28,03:04:16,,00:00:00,0.0,OSNO,PRP,,IP1020230213,,00:00:00,2025-06-28 03:04:16,,
N5,3400025136,,PRESSURE TRANSMITTER OF T-CA4,JSWPL-VJN-UTL,Utility section,VJ-PT-T-CA4,2025-06-29,2025-06-29,2025-06-29,03:05:24,,00:00:00,0.0,OSNO,UTY,,IP1020230213,,00:00:00,2025-06-29 03:05:24,,
N5,3400025137,,LOAD CELL OF PH03,JSWPL-VJN-PRC,Processing Block,VJ-WT-PH-03,2025-06-30,2025-06-30,2025-06-30,03:04:07,,00:00:00,0.0,OSNO,PRP,,IP1020230213,,00:00:00,2025-06-30 03:04:07,,
N5,3400025138,,PRESSSURE SWITCH FIRE PUMP LINE,JSWPL-VJN-UTL,Utility section,VJ-PS-FPH-JP1,2025-06-30,2025-06-30,2025-06-30,03:04:44,,00:00:00,0.0,OSNO,UTY,,IP1020230213,,00:00:00,2025-06-30 03:04:44,,
N5,3400025139,,PRESSSURE SWITCH FIRE PUMP LINE,JSWPL-VJN-UTL,Utility section,VJ-PS-FPH-JP2,2025-06-30,2025-06-30,2025-06-30,03:04:44,,00:00:00,0.0,OSNO,UTY,,IP1020230213,,00:00:00,2025-06-30 03:04:44,,
